"","ANO","NIVEL","CODMUNRES","TO","TORC","TORCR","TO_NN","TO_N","TO_CB_I","TO_CB_N","TO_CB_C","TO_CB_R","TO_CB_O","TO_M","TO_F","TO_F_IF","TO_FT","TO_NT","TO_NT_P","TO_NT_T","TO_PNT","TO_MT_G","TONT_B","TONT_PT","TONT_A","TONT_PD","TONT_I","TO_MT","TO_MT_DG","TO_MT_PT","TO_MT_AB","TO_MT_42","TO_MT_43","TO_MT_P","TO_MT_P_I","TO_MT_P_ES","TO_MT_P_EFI","TO_MT_P_EFII","TO_MT_P_EM","TO_MT_P_ESI","TO_MT_P_ESC"
"1",2015,"UF",13,16675,NA,NA,2989,13686,971,2586,3107,1486,5536,10155,6497,1182,NA,1146,1047,99,423,5,172,5,1,725,194,94,37,NA,2,35,22,190,1256,6,12,21,15,NA,5
"2",2015,"MUNICIPIO",130000,4,NA,NA,NA,4,NA,3,NA,1,NA,4,NA,NA,NA,NA,NA,NA,NA,NA,NA,NA,NA,NA,NA,NA,NA,NA,NA,NA,NA,NA,NA,NA,NA,NA,NA,NA,NA
"3",2015,"MUNICIPIO",130002,36,NA,NA,6,30,3,5,6,3,13,23,13,4,NA,4,4,NA,3,1,NA,NA,NA,4,NA,NA,NA,NA,NA,NA,NA,NA,4,NA,NA,NA,NA,NA,NA
"4",2015,"MUNICIPIO",130006,36,NA,NA,6,30,1,4,7,6,12,27,9,1,NA,8,8,NA,1,NA,1,NA,NA,5,2,1,NA,NA,NA,NA,1,2,1,NA,NA,NA,NA,NA,NA
"5",2015,"MUNICIPIO",130008,26,NA,NA,2,24,3,4,6,2,9,14,12,2,NA,2,2,NA,2,NA,NA,NA,NA,2,NA,NA,NA,NA,NA,NA,NA,NA,2,NA,NA,NA,NA,NA,NA
"6",2015,"MUNICIPIO",130010,60,NA,NA,4,56,NA,10,16,6,24,39,21,3,NA,2,2,NA,1,NA,1,NA,NA,1,NA,NA,NA,NA,NA,NA,NA,NA,3,NA,NA,NA,NA,NA,NA
"7",2015,"MUNICIPIO",130014,48,NA,NA,15,33,NA,5,13,5,10,34,14,7,NA,4,4,NA,1,NA,NA,NA,NA,4,NA,NA,NA,NA,NA,NA,NA,NA,7,NA,NA,NA,NA,NA,NA
"8",2015,"MUNICIPIO",130020,52,NA,NA,8,44,7,5,4,7,21,27,25,7,NA,15,10,5,11,NA,NA,NA,NA,3,12,2,2,NA,NA,NA,NA,4,9,NA,2,NA,NA,NA,NA
"9",2015,"MUNICIPIO",130030,146,NA,NA,25,121,2,17,32,10,60,86,60,8,NA,7,7,NA,5,NA,NA,NA,NA,4,1,1,1,NA,NA,NA,NA,2,9,NA,NA,1,NA,NA,NA
"10",2015,"MUNICIPIO",130040,84,NA,NA,26,58,8,4,16,6,24,49,35,3,NA,29,28,1,6,NA,NA,NA,NA,4,25,1,NA,NA,NA,1,NA,2,4,NA,NA,NA,NA,NA,NA
"11",2015,"MUNICIPIO",130050,101,NA,NA,16,85,7,14,18,9,37,64,37,5,NA,8,8,NA,7,NA,NA,NA,NA,7,1,NA,NA,NA,NA,NA,NA,NA,5,NA,NA,NA,NA,NA,NA
"12",2015,"MUNICIPIO",130060,141,NA,NA,26,115,12,13,27,13,50,72,69,9,NA,33,26,7,12,NA,NA,NA,NA,11,22,1,NA,NA,NA,1,NA,2,10,NA,NA,NA,NA,NA,1
"13",2015,"MUNICIPIO",130063,45,NA,NA,3,42,3,3,14,5,17,34,11,2,NA,2,2,NA,3,NA,NA,NA,NA,2,NA,NA,NA,NA,NA,NA,NA,NA,2,NA,NA,NA,NA,NA,NA
"14",2015,"MUNICIPIO",130068,48,NA,NA,9,39,NA,3,13,6,17,31,17,3,NA,4,4,NA,3,NA,NA,NA,NA,4,NA,1,1,NA,NA,NA,NA,2,4,NA,NA,NA,1,NA,NA
"15",2015,"MUNICIPIO",130070,133,NA,NA,25,108,5,11,25,12,55,89,44,8,NA,11,9,2,5,NA,5,NA,NA,6,NA,1,NA,NA,NA,1,NA,2,9,1,NA,NA,NA,NA,NA
"16",2015,"MUNICIPIO",130080,108,NA,NA,14,94,3,11,36,12,32,71,37,5,NA,5,5,NA,2,NA,1,NA,NA,3,1,1,NA,NA,NA,1,NA,2,6,NA,1,NA,NA,NA,NA
"17",2015,"MUNICIPIO",130083,20,NA,NA,2,18,1,NA,3,2,12,11,9,NA,NA,3,2,1,NA,NA,NA,NA,NA,3,NA,NA,NA,NA,NA,NA,NA,NA,NA,NA,NA,NA,NA,NA,NA
"18",2015,"MUNICIPIO",130090,38,NA,NA,4,34,3,4,13,5,9,21,17,3,NA,5,5,NA,NA,NA,1,NA,NA,4,NA,1,1,NA,NA,NA,NA,2,4,NA,NA,1,NA,NA,NA
"19",2015,"MUNICIPIO",130100,97,NA,NA,8,89,2,8,11,2,66,52,45,8,NA,8,7,1,3,NA,7,NA,NA,NA,NA,2,1,NA,NA,1,NA,4,10,NA,NA,NA,2,NA,NA
"20",2015,"MUNICIPIO",130110,96,NA,NA,19,77,3,13,23,2,36,55,41,6,NA,9,9,NA,5,NA,2,NA,NA,7,NA,NA,NA,NA,NA,NA,NA,NA,6,NA,NA,NA,NA,NA,NA
"21",2015,"MUNICIPIO",130115,44,NA,NA,8,36,2,2,12,NA,20,27,17,2,NA,2,2,NA,NA,NA,NA,NA,NA,2,NA,NA,NA,NA,NA,NA,NA,NA,2,NA,NA,NA,NA,NA,NA
"22",2015,"MUNICIPIO",130120,311,NA,NA,62,249,22,38,56,40,93,204,106,25,NA,21,18,3,9,NA,2,NA,NA,18,NA,4,2,NA,NA,1,1,8,28,1,NA,NA,NA,NA,NA
"23",2015,"MUNICIPIO",130130,69,NA,NA,11,58,3,13,23,2,17,50,19,5,NA,6,6,NA,4,1,1,NA,NA,5,NA,2,2,NA,NA,NA,NA,4,7,NA,NA,1,NA,NA,NA
"24",2015,"MUNICIPIO",130140,150,NA,NA,26,124,10,14,27,17,56,92,58,9,NA,23,15,8,9,NA,4,NA,NA,9,10,1,1,NA,NA,NA,NA,2,10,NA,NA,NA,NA,NA,NA
"25",2015,"MUNICIPIO",130150,64,NA,NA,8,56,4,12,11,8,21,42,22,8,NA,10,10,NA,1,NA,4,NA,NA,NA,6,NA,NA,NA,NA,NA,NA,NA,8,NA,NA,NA,NA,NA,NA
"26",2015,"MUNICIPIO",130160,71,NA,NA,11,60,3,9,17,4,27,44,27,5,NA,10,9,1,3,NA,NA,NA,NA,9,1,2,1,NA,NA,1,NA,4,7,NA,1,NA,NA,NA,NA
"27",2015,"MUNICIPIO",130165,50,NA,NA,9,41,2,6,14,7,12,34,16,2,NA,NA,NA,NA,2,NA,NA,NA,NA,NA,NA,NA,NA,NA,NA,NA,NA,NA,2,NA,NA,NA,NA,NA,NA
"28",2015,"MUNICIPIO",130170,176,NA,NA,22,154,9,29,29,24,63,113,63,10,NA,10,8,2,7,NA,3,NA,NA,7,NA,NA,NA,NA,NA,NA,NA,NA,10,NA,NA,NA,NA,NA,NA
"29",2015,"MUNICIPIO",130180,55,NA,NA,3,52,1,2,4,11,34,30,25,5,NA,13,9,4,4,NA,NA,NA,NA,4,8,1,1,NA,NA,NA,NA,2,6,NA,1,NA,NA,NA,NA
"30",2015,"MUNICIPIO",130185,210,NA,NA,45,165,15,29,39,24,58,131,79,27,NA,9,8,1,2,NA,1,NA,NA,8,NA,2,2,NA,NA,NA,NA,4,29,NA,NA,1,1,NA,NA
"31",2015,"MUNICIPIO",130190,362,NA,NA,56,306,20,53,74,23,136,230,132,27,NA,26,25,1,4,NA,6,1,NA,18,NA,5,2,NA,NA,3,NA,10,32,NA,NA,2,2,NA,NA
"32",2015,"MUNICIPIO",130195,29,NA,NA,2,27,NA,3,11,3,10,21,8,2,NA,3,3,NA,2,NA,1,NA,NA,NA,2,NA,NA,NA,NA,NA,NA,NA,2,NA,NA,NA,NA,NA,NA
"33",2015,"MUNICIPIO",130200,29,NA,NA,7,22,1,6,5,5,5,14,15,5,NA,1,1,NA,1,NA,NA,NA,NA,1,NA,NA,NA,NA,NA,NA,NA,NA,5,NA,NA,NA,NA,NA,NA
"34",2015,"MUNICIPIO",130210,8,NA,NA,1,7,NA,1,3,NA,3,4,4,1,NA,1,1,NA,NA,NA,NA,NA,NA,1,NA,NA,NA,NA,NA,NA,NA,NA,1,NA,NA,NA,NA,NA,NA
"35",2015,"MUNICIPIO",130220,21,NA,NA,5,16,1,3,5,NA,7,13,8,2,NA,3,2,1,NA,NA,NA,NA,NA,3,NA,NA,NA,NA,NA,NA,NA,NA,2,NA,NA,NA,NA,NA,NA
"36",2015,"MUNICIPIO",130230,76,NA,NA,7,69,6,9,3,4,47,49,27,4,NA,15,14,1,7,NA,NA,NA,NA,10,5,NA,NA,NA,NA,NA,NA,NA,4,NA,NA,NA,NA,NA,NA
"37",2015,"MUNICIPIO",130240,154,NA,NA,8,146,10,16,23,5,92,96,58,9,NA,13,13,NA,2,NA,2,NA,NA,7,4,2,1,NA,NA,1,NA,4,11,NA,NA,1,NA,NA,NA
"38",2015,"MUNICIPIO",130250,437,NA,NA,87,350,19,76,108,59,88,283,154,25,NA,27,25,2,15,NA,3,NA,NA,21,1,2,1,NA,NA,1,NA,4,27,NA,NA,1,1,NA,NA
"39",2015,"MUNICIPIO",130255,50,NA,NA,8,42,2,8,13,5,14,26,24,3,NA,3,3,NA,1,NA,NA,NA,NA,2,1,NA,NA,NA,NA,NA,NA,NA,3,NA,NA,NA,NA,NA,NA
"40",2015,"MUNICIPIO",130260,10451,NA,NA,1954,8497,619,1837,1765,886,3390,6273,4158,783,NA,513,478,35,169,2,105,2,1,368,1,42,8,NA,1,15,19,85,807,NA,5,8,5,NA,4
"41",2015,"MUNICIPIO",130270,162,NA,NA,24,138,9,20,45,10,54,99,63,6,NA,13,12,1,7,NA,3,NA,NA,10,NA,2,1,NA,NA,1,NA,4,8,NA,NA,2,NA,NA,NA
"42",2015,"MUNICIPIO",130280,28,NA,NA,7,21,2,3,4,3,9,18,10,2,NA,7,6,1,NA,NA,NA,NA,NA,6,1,NA,NA,NA,NA,NA,NA,NA,2,NA,NA,NA,NA,NA,NA
"43",2015,"MUNICIPIO",130290,219,NA,NA,24,195,12,13,36,18,116,133,86,12,NA,17,15,2,7,NA,NA,NA,NA,15,2,NA,NA,NA,NA,NA,NA,NA,12,NA,NA,NA,NA,NA,NA
"44",2015,"MUNICIPIO",130300,61,NA,NA,4,57,2,8,17,7,23,34,27,2,NA,7,7,NA,2,NA,1,NA,NA,6,NA,2,2,NA,1,NA,NA,5,5,NA,NA,NA,2,NA,NA
"45",2015,"MUNICIPIO",130310,106,NA,NA,16,90,3,15,35,8,29,67,39,8,NA,8,8,NA,2,NA,1,NA,NA,7,NA,1,1,NA,NA,NA,NA,2,9,NA,NA,1,NA,NA,NA
"46",2015,"MUNICIPIO",130320,48,NA,NA,12,36,4,4,11,2,15,32,16,1,NA,4,4,NA,1,NA,1,NA,NA,3,NA,NA,NA,NA,NA,NA,NA,NA,1,NA,NA,NA,NA,NA,NA
"47",2015,"MUNICIPIO",130330,83,NA,NA,16,67,2,6,11,6,42,60,23,4,NA,8,8,NA,5,NA,NA,NA,NA,7,NA,NA,NA,NA,NA,NA,NA,NA,4,NA,NA,NA,NA,NA,NA
"48",2015,"MUNICIPIO",130340,447,NA,NA,48,399,19,54,168,34,124,257,190,26,NA,38,36,2,8,NA,4,NA,NA,30,4,3,1,NA,NA,1,1,6,28,1,NA,NA,1,NA,NA
"49",2015,"MUNICIPIO",130350,40,NA,NA,5,35,3,8,4,3,17,26,14,4,NA,6,5,1,2,NA,1,NA,NA,2,3,NA,NA,NA,NA,NA,NA,NA,4,NA,NA,NA,NA,NA,NA
"50",2015,"MUNICIPIO",130353,98,NA,NA,38,60,3,13,21,6,17,78,20,3,NA,6,6,NA,2,NA,1,NA,NA,5,NA,NA,NA,NA,NA,NA,NA,NA,3,NA,NA,NA,NA,NA,NA
"51",2015,"MUNICIPIO",130356,89,NA,NA,24,65,5,13,15,9,23,60,27,5,NA,4,4,NA,3,NA,1,NA,NA,3,NA,1,NA,NA,NA,1,NA,2,6,NA,NA,NA,NA,NA,NA
"52",2015,"MUNICIPIO",130360,43,NA,NA,13,30,1,6,3,5,15,23,20,2,NA,3,3,NA,3,NA,NA,NA,NA,NA,3,1,NA,NA,NA,1,NA,2,3,1,NA,NA,NA,NA,NA
"53",2015,"MUNICIPIO",130370,51,NA,NA,7,44,NA,8,7,7,22,26,25,3,NA,11,11,NA,4,NA,NA,NA,NA,7,4,1,1,NA,NA,NA,NA,2,4,NA,NA,NA,NA,NA,NA
"54",2015,"MUNICIPIO",130380,248,NA,NA,59,189,38,7,43,33,68,156,92,14,NA,39,34,5,27,NA,1,NA,NA,1,37,2,1,NA,NA,1,NA,4,16,NA,NA,NA,NA,NA,NA
"55",2015,"MUNICIPIO",130390,102,NA,NA,19,83,11,9,18,18,27,71,31,6,NA,22,18,4,7,NA,NA,NA,NA,9,13,1,1,NA,NA,NA,NA,2,7,NA,NA,1,NA,NA,NA
"56",2015,"MUNICIPIO",130395,25,NA,NA,NA,25,1,3,7,2,12,18,7,2,NA,NA,NA,NA,2,NA,NA,NA,NA,NA,NA,NA,NA,NA,NA,NA,NA,NA,2,NA,NA,NA,NA,NA,NA
"57",2015,"MUNICIPIO",130400,22,NA,NA,4,18,NA,2,3,1,12,13,9,1,NA,2,2,NA,NA,NA,NA,NA,NA,2,NA,NA,NA,NA,NA,NA,NA,NA,1,NA,NA,NA,NA,NA,NA
"58",2015,"MUNICIPIO",130406,200,NA,NA,57,143,15,20,33,25,50,124,76,13,NA,28,23,5,11,NA,2,NA,NA,9,15,1,1,NA,NA,NA,NA,2,14,NA,1,NA,NA,NA,NA
"59",2015,"MUNICIPIO",130410,60,NA,NA,5,55,4,7,16,4,24,30,30,6,NA,10,10,NA,NA,NA,NA,1,NA,3,5,2,NA,NA,NA,2,NA,4,8,2,NA,NA,NA,NA,NA
"60",2015,"MUNICIPIO",130420,236,NA,NA,27,209,18,34,47,34,76,146,90,14,NA,26,24,2,14,1,6,1,NA,18,1,2,1,NA,NA,1,NA,4,16,NA,1,1,NA,NA,NA
"61",2015,"MUNICIPIO",130423,37,NA,NA,6,31,1,11,5,1,13,23,14,2,NA,5,5,NA,NA,NA,NA,NA,NA,2,3,NA,NA,NA,NA,NA,NA,NA,2,NA,NA,NA,NA,NA,NA
"62",2015,"MUNICIPIO",130426,20,NA,NA,3,17,2,3,6,1,5,13,7,NA,NA,4,4,NA,2,NA,NA,NA,NA,4,NA,NA,NA,NA,NA,NA,NA,NA,NA,NA,NA,NA,NA,NA,NA
"63",2015,"MUNICIPIO",130430,51,NA,NA,6,45,1,7,11,2,24,34,17,1,NA,6,6,NA,2,NA,NA,NA,NA,6,NA,NA,NA,NA,NA,NA,NA,NA,1,NA,NA,NA,NA,NA,NA
"64",2015,"MUNICIPIO",130440,63,NA,NA,7,56,3,9,16,6,22,35,28,2,NA,4,4,NA,NA,NA,NA,NA,NA,3,NA,NA,NA,NA,NA,NA,NA,NA,2,NA,NA,NA,NA,NA,NA
