"","ANO","NIVEL","CODMUNRES","TN","TNRC","TNRCR","TGI_15","TGI_15_19","TGI_20_24","TGI_25_29","TGI_30_34","TGI_35_39","TGI_40_44","TGI_45_49","TGI_50","TGIF","IM_P25","IM_P50","IM_P75","IM_MD","IM_DP","EM_S","EM_FI","EM_FII","EM_M","EM_SI","EM_SC","TGRC_B","TGRC_PT","TGRC_A","TGRC_PD","TGRC_I","TGCC","TGSC","TGPRI","TGNPRI","TGU","TGG","TGD_22","TGD_22_27","TGD_28_31","TGD_32_36","TGD_37_41","TGD_42","TGD_PRT","TGD_AT","TGD_PST","DG_P25","DG_P50","DG_P75","DG_MD","DG_DP","TKC_NR","TKC_ID","TKC_IT","TKC_AD","TKC_MAD","TGPRG_S","TGPRG_N","TPV","TPC","TRAP_C","TRAP_P","TRAP_T","TGROB_1","TGROB_2","TGROB_3","TGROB_4","TGROB_5","TGROB_6","TGROB_7","TGROB_8","TGROB_9","TGROB_10","TNLOC_H","TNLOC_ES","TNLOC_D","TNLOC_O","TNLOC_AI","TRS_M","TRS_F","TRRC_B","TRRC_PT","TRRC_A","TRRC_PD","TRRC_I","TRP_BP","TRP_N","TRP_M","PESO_P25","PESO_P50","PESO_P75","PESO_MD","PESO_DP","TRPIG_P","TRPIG_A","TRPIG_G","TRAPG5_B","TRAPG5_N","APG5_MD","APG5_DP","TRAC","TRSAC"
"1",2015,"UF",13,80097,0,68958,1432,19762,22557,16849,12009,5812,1511,118,19,78618,19,24,29,24.63,6.67,1502,6115,25145,36877,3668,5071,3140,286,42,68487,6036,32005,48092,27522,52575,1340,78757,42,351,801,74285,0,0,75479,0,4618,NA,NA,NA,NA,NA,686,28065,8924,7796,28853,74965,5132,50181,29827,76973,1359,125,19482,3232,28142,2762,12959,444,756,1180,125,7991,75182,154,3193,530,1037,41038,39049,3184,292,42,69193,6108,5996,68612,5153,NA,NA,NA,NA,NA,5784,60871,9506,739,74864,NA,NA,395,78589
"2",2015,"MUNICIPIO",130000,18,0,2,0,16,1,1,0,0,0,0,0,18,15,15.5,18,16.7222222222222,2.67462049106819,0,0,2,1,0,0,0,0,0,3,0,1,17,17,1,13,5,0,0,0,4,0,0,4,0,14,38.5,39,39.25,38.75,1.25830573921179,0,0,0,0,2,0,18,2,2,5,0,0,2,1,0,0,1,0,0,0,0,0,18,0,0,0,0,10,8,0,0,0,3,0,4,12,2,2702.5,3051,3334,2940.05555555556,796.680574577099,0,3,1,1,17,9.38888888888889,1.88301663136227,0,15
"3",2015,"MUNICIPIO",130002,342,0,324,8,131,105,54,28,12,3,1,0,334,18,21,25,22.2309941520468,6.07739705963775,3,43,177,107,6,6,4,0,0,287,44,133,209,109,233,3,339,0,0,6,318,0,0,324,0,18,38,39,40,38.905604719764,2.11152049245013,10,124,58,29,86,275,67,273,68,333,7,1,83,8,163,10,33,1,6,2,1,31,328,1,13,0,0,172,170,4,0,0,287,44,17,314,10,2941,3200,3500,3206.20234604106,469.594928817327,25,283,26,4,336,9,0.875763468019421,1,341
"4",2015,"MUNICIPIO",130006,214,0,178,5,61,62,45,24,14,3,0,0,209,19,23,28,23.7336448598131,6.4231892671434,10,33,72,92,1,6,1,0,0,135,77,148,66,68,146,1,213,1,0,2,199,0,0,202,0,12,38,39,40,38.588785046729,2.63224237588584,0,28,30,20,134,197,17,186,28,209,4,0,52,2,104,3,15,1,3,0,0,32,175,4,27,2,6,112,102,1,0,0,135,77,9,192,12,2900,3200,3500,3206.35211267606,481.006043736544,14,168,26,3,178,9.40883977900553,0.936144149493582,2,212
"5",2015,"MUNICIPIO",130008,163,0,156,3,57,46,32,13,8,2,2,0,160,18,22,27,23.1901840490798,6.6179256636331,4,19,56,78,3,2,2,0,0,153,8,92,71,55,108,4,159,0,1,2,153,0,0,156,0,7,38,39,40,38.7975460122699,2.53654647401642,0,64,18,20,51,109,54,117,46,160,2,0,48,3,63,1,26,0,2,3,0,15,152,0,11,0,0,85,78,2,0,0,153,8,12,138,13,2956,3300,3700,3281.00613496933,624.725712622358,13,116,26,1,157,9.58860759493671,0.659373827989473,3,158
"6",2015,"MUNICIPIO",130010,255,0,223,8,84,66,55,29,10,3,0,0,247,18,22,27,23.1176470588235,6.23442013677866,3,13,107,100,6,6,2,1,1,246,0,172,83,92,163,7,248,1,2,4,221,0,0,228,0,27,37,39,40,38.1755102040816,3.10436832704118,3,96,18,40,86,224,31,156,99,252,3,0,67,3,86,0,27,1,1,5,0,53,238,1,15,1,0,144,111,2,1,1,246,0,19,218,18,2955,3300,3600,3231.62352941176,586.955745084995,19,170,41,0,250,8.916,0.470989729507136,0,251
"7",2015,"MUNICIPIO",130014,204,0,190,1,73,61,40,21,5,3,0,0,203,18,22,27,23.0098039215686,5.97283686843449,2,13,96,78,6,8,17,3,0,176,2,174,30,66,138,2,202,0,0,0,194,0,0,194,0,10,39,39,40,39.1890547263682,1.49468377993141,1,50,10,10,128,200,4,131,73,147,32,23,46,5,68,10,8,5,26,2,23,6,201,1,1,1,0,98,106,17,3,0,177,2,13,175,16,2993.75,3295,3645,3277.05392156863,511.531807595178,14,161,24,3,200,8.70935960591133,0.737443458979685,3,200
"8",2015,"MUNICIPIO",130020,439,0,257,17,117,122,88,55,25,10,4,1,421,19,23,28,24.1958997722096,7.10571713667671,138,53,90,83,6,12,32,3,0,191,207,331,108,110,329,3,436,1,0,9,402,0,0,412,0,27,37,39,40,38.4429223744292,2.60085932787385,0,179,54,35,156,356,83,385,54,437,2,0,94,1,240,3,28,0,2,2,0,67,270,0,165,4,0,226,213,32,3,0,191,207,22,396,21,2900,3200,3500,3197.45102505695,474.064218086486,36,333,55,5,263,9.33955223880597,0.944332089171582,2,433
"9",2015,"MUNICIPIO",130030,829,0,702,26,235,257,147,107,43,12,2,0,803,19,22,28,23.6127864897467,6.54976347096705,12,84,350,357,7,10,16,13,1,457,333,112,717,231,598,11,818,0,2,2,777,0,0,781,0,48,38,39,40,38.7793939393939,2.12756119125539,4,387,76,69,220,738,91,573,254,815,11,2,151,41,344,51,120,5,5,9,2,95,739,0,71,17,2,409,419,16,13,1,457,333,50,729,50,2940,3210,3525,3216.49095295537,509.740590915367,67,638,104,9,724,9.52523874488404,0.889205978476295,7,821
"10",2015,"MUNICIPIO",130040,505,0,247,21,152,157,83,49,33,8,1,1,483,18,22,27,23.2732673267327,6.79610782472581,40,28,109,141,2,3,10,0,0,143,318,344,161,150,355,7,498,0,0,3,477,0,0,480,0,25,39,40,40,39.182902584493,1.86985573842561,5,229,84,26,75,473,32,424,79,478,6,0,115,12,243,13,50,1,5,6,0,38,296,0,19,2,188,266,239,10,0,0,152,322,28,454,21,2750,3050,3405,3092.63220675944,478.266884766491,103,342,41,4,297,9.77740863787376,0.95234163816973,1,500
"11",2015,"MUNICIPIO",130050,815,0,662,14,219,223,167,117,57,17,1,0,801,19,23,29,24.3349693251534,6.71255684360772,28,142,334,302,4,5,11,8,0,562,232,626,189,224,591,14,801,0,0,2,771,0,0,773,0,42,38,39,40,38.9226993865031,1.72498978430536,26,363,93,77,242,604,211,653,162,798,11,6,180,18,429,27,82,2,8,14,6,49,650,0,160,5,0,435,380,11,8,0,562,232,44,721,50,2950,3216,3500,3209.15214723926,495.574115643166,64,657,80,9,655,9.60090361445783,0.762269630240848,6,809
"12",2015,"MUNICIPIO",130060,968,0,853,5,239,272,217,145,61,24,5,0,963,19,24,29,24.8481404958678,6.65773350020597,54,123,302,398,44,42,10,2,0,580,366,717,251,232,736,16,952,0,6,6,925,0,0,937,0,31,38,39,40,38.6853002070393,2.04365091949843,2,388,106,79,368,886,82,769,199,960,4,2,207,2,608,6,62,0,2,16,2,59,844,1,32,9,82,482,485,10,2,0,580,366,67,862,39,2900,3200,3472.5,3154.06508264463,525.51000578853,79,796,73,9,871,9.7375,0.829190498511282,3,963
"13",2015,"MUNICIPIO",130063,489,0,391,16,161,116,104,52,28,9,2,1,472,18,22,28,23.4335378323108,6.9255540672514,29,92,191,162,1,4,5,0,0,448,33,381,108,148,341,2,487,0,0,0,475,0,0,475,0,14,39,39,40,39.1868583162218,1.46284286419167,2,228,51,29,119,391,98,391,98,484,4,1,133,3,263,7,50,2,1,2,1,26,403,2,70,11,3,233,256,5,0,0,448,33,28,423,37,2960,3250,3580,3262.89549180328,489.616863306243,55,371,56,1,402,9.19106699751861,0.730105698732082,0,489
"14",2015,"MUNICIPIO",130068,369,0,367,8,113,111,74,50,10,3,0,0,361,18,22,27,23.1273712737127,5.97026453016538,6,34,125,195,1,8,34,0,0,335,0,81,288,112,257,1,368,0,2,2,348,0,0,352,0,17,38,39,40,38.8021680216802,2.17605438310115,7,154,9,49,147,339,30,294,75,368,1,0,79,22,166,28,40,0,1,1,0,32,323,0,46,0,0,186,183,34,0,0,335,0,19,329,21,2900,3280,3600,3241.24390243902,514.047488841965,34,291,42,0,368,8.91847826086956,0.536296584712302,1,367
"15",2015,"MUNICIPIO",130070,695,0,615,18,207,225,126,86,19,13,1,0,677,18,22,27,23.2215827338129,6.21630702231372,21,121,261,258,5,16,154,20,0,475,23,504,191,236,459,14,681,0,3,3,641,0,0,647,0,48,38,39,40,38.8255813953488,2.19204256519577,1,366,30,36,192,516,179,436,258,621,21,3,166,31,230,13,111,8,12,12,3,63,692,1,2,0,0,366,329,154,20,0,475,23,48,591,55,2940,3257.5,3600,3255.23919308357,556.100586131708,52,527,92,6,675,8.94419970631424,0.618203741448634,4,658
"16",2015,"MUNICIPIO",130080,725,0,654,29,259,207,114,66,30,16,3,0,695,18,21,26,22.6629834254144,6.67604126034447,21,113,281,275,9,13,13,2,0,529,180,397,328,262,463,10,715,0,2,4,666,0,0,672,0,53,38,39,40,39.1551246537396,1.91954182827232,6,252,57,61,348,559,166,592,132,710,12,0,223,21,301,32,86,3,9,8,0,36,649,5,41,6,24,371,353,13,2,0,529,180,45,647,33,2880,3200,3500,3197.6675862069,501.727227855587,66,573,73,2,658,9.67575757575758,0.684327168881951,6,718
"17",2015,"MUNICIPIO",130083,173,0,142,4,50,54,35,20,6,4,0,0,169,19,22,26,23.3757225433526,6.37608998191321,3,26,66,71,1,5,1,2,0,163,1,117,56,56,117,2,171,0,0,2,154,0,0,156,0,17,38,39,40,38.9226190476191,2.13608019711276,0,65,14,19,62,105,68,125,45,166,3,0,44,0,75,0,27,1,2,2,0,14,155,0,17,1,0,83,90,1,2,0,163,1,11,148,13,2986.25,3250,3596.25,3254.5988372093,500.545125760522,8,131,24,2,159,9.63354037267081,0.834336869868736,3,169
"18",2015,"MUNICIPIO",130090,219,0,213,6,80,65,41,17,8,2,0,0,213,18,21,26,22.2511415525114,5.82748439542772,7,41,87,76,4,4,24,5,1,184,2,156,63,78,141,2,217,0,0,1,207,0,0,208,0,11,38,39,40,38.9315068493151,1.7970064336722,3,65,23,27,96,211,8,135,84,212,5,2,58,14,76,12,35,0,4,2,2,16,210,1,8,0,0,113,106,24,5,1,184,2,9,192,18,2983,3350,3600,3308.3698630137,491.733980448741,14,172,30,2,216,9.68807339449541,0.701509205281967,0,219
"19",2015,"MUNICIPIO",130100,628,0,321,25,217,177,105,56,37,10,1,0,603,18,21,27,22.8152866242038,6.61646648788756,22,97,260,227,8,14,177,1,0,428,6,253,375,222,406,11,617,0,1,5,557,0,0,563,0,65,38,39,40,38.9630225080386,2.44690791031329,4,230,42,59,206,612,16,430,194,621,3,0,171,13,261,45,40,2,0,10,0,75,559,0,68,1,0,319,309,177,1,0,428,6,30,522,75,3000,3350,3700,3342.59489633174,546.022137176699,33,424,125,2,366,9.04891304347826,1.13059937471079,1,624
"20",2015,"MUNICIPIO",130110,419,0,343,8,116,120,85,50,27,13,0,0,411,19,23,28,24.1789976133652,6.79916529829823,9,54,188,147,7,7,7,2,0,396,10,153,266,120,299,3,416,0,2,3,386,0,0,391,0,28,38,39,40,38.9877750611247,2.07632480464318,20,138,50,41,135,145,274,311,108,397,2,0,81,19,185,15,52,1,1,2,0,32,378,0,39,2,0,221,198,7,2,0,396,10,29,349,41,3000,3280,3605,3277.15990453461,537.453432469008,34,309,61,4,377,9.65354330708661,0.885954312317682,4,409
"21",2015,"MUNICIPIO",130115,215,0,178,5,56,64,37,31,18,3,0,0,209,19,23,29,24.2803738317757,6.69635790928659,2,22,70,100,5,7,0,0,0,210,4,52,163,96,119,8,207,0,1,2,203,0,0,206,0,9,38,39,40,38.6854460093897,2.23598874612079,0,63,36,29,55,27,188,146,69,214,0,1,66,6,70,10,30,0,0,8,1,22,186,0,25,2,2,112,103,0,0,0,210,4,16,180,15,2910,3220,3610,3228.7345971564,589.997583277701,15,158,25,0,187,9.82352941176471,0.45894028583058,2,211
"22",2015,"MUNICIPIO",130120,1744,0,1736,50,516,507,347,197,97,29,1,0,1694,18,22,28,23.4891055045872,6.50185520127009,42,192,776,651,33,49,4,0,1,1731,8,1179,565,568,1176,22,1722,0,4,3,1727,0,0,1734,0,10,38,40,40,38.8938002296211,1.87049908449295,37,721,232,151,596,1724,20,1171,572,1715,27,1,405,47,711,56,244,6,16,20,1,235,1687,0,51,6,0,901,842,4,0,1,1731,8,115,1528,101,2945,3260,3560,3239.0498853211,518.15688886687,66,1522,132,11,1732,9.86115892139989,0.670178471945173,12,1732
"23",2015,"MUNICIPIO",130130,434,0,404,13,139,126,82,47,21,5,1,0,421,18,22,27,23.1428571428571,6.33133321430311,14,79,188,131,8,10,23,10,1,400,0,340,94,144,290,12,422,0,6,2,399,0,0,407,0,27,38,39,40,38.5648148148148,2.76378014829079,5,175,53,27,157,416,18,314,116,418,14,1,105,7,178,5,59,8,5,10,1,53,424,1,9,0,0,238,196,23,10,1,400,0,26,378,30,3000,3300,3600,3294.19124423963,536.334284281648,15,334,66,3,426,9.90675990675991,0.596466221929453,1,431
"24",2015,"MUNICIPIO",130140,825,0,705,25,250,263,144,75,48,17,1,2,798,18,22,27,23.36,6.74429640367196,148,125,235,292,5,12,105,3,0,610,107,519,306,242,583,9,816,1,3,3,782,0,0,789,0,36,38,39,40,38.9951515151515,2.05919103674276,32,323,87,56,294,821,4,588,237,786,17,4,159,49,389,51,83,6,9,6,4,50,705,1,41,3,75,422,403,105,3,0,610,107,60,713,39,2830,3160,3480,3146.7302955665,518.307962688068,112,611,73,11,707,8.88440111420613,0.702064392139392,8,817
"25",2015,"MUNICIPIO",130150,412,0,366,18,145,112,61,49,19,7,0,1,393,18,21,26.25,22.9271844660194,6.75173502689731,53,100,134,114,4,7,53,0,0,322,37,291,121,135,277,4,408,0,0,2,394,0,0,396,0,16,39,39,40,39.2092457420925,1.59113770171063,5,157,37,25,183,392,20,278,134,401,5,1,118,8,169,26,57,3,2,4,1,18,372,0,40,0,0,223,189,53,0,0,322,37,24,358,30,2950,3280,3600,3263.9854368932,515.724199460384,39,314,50,4,367,9.82479784366577,0.700601787342689,10,400
"26",2015,"MUNICIPIO",130160,670,0,669,24,233,191,112,70,31,7,1,1,645,18,21,27,22.8044776119403,6.43600050435239,23,113,240,281,3,10,9,3,1,611,46,356,314,213,457,9,661,1,3,7,608,0,0,619,0,51,37,39,40,38.4417910447761,2.76623617161827,17,307,78,30,202,665,5,452,218,637,27,3,142,18,250,23,90,11,13,9,3,110,615,0,55,0,0,345,325,9,3,1,611,46,46,589,34,2900,3200,3500,3195.15994020927,522.515727474953,51,488,88,6,663,9.47234678624813,0.959305524397783,4,666
"27",2015,"MUNICIPIO",130165,334,0,252,10,91,91,63,44,29,6,0,0,324,19,23,29,24.3353293413174,6.76780115501269,35,78,97,100,5,15,15,0,0,273,1,247,87,102,232,12,322,0,2,2,280,0,0,284,0,50,38,40,40,38.9221183800623,2.73921348172105,2,170,26,26,81,62,272,238,95,315,11,1,66,15,127,19,30,2,6,10,1,41,309,1,21,3,0,167,167,15,0,0,273,1,38,274,22,2900,3207.5,3500,3168.40419161677,601.093703962484,23,233,37,3,309,9.5801282051282,0.889374206218869,0,325
"28",2015,"MUNICIPIO",130170,941,0,920,26,279,269,210,104,47,5,1,0,915,18,22,28,23.3113708820404,6.11901190844604,26,101,372,360,30,49,29,7,0,870,34,241,700,345,596,9,932,0,3,5,912,0,0,920,0,21,38,39,40,38.7121535181237,1.90384698728832,5,347,61,57,446,898,43,524,417,924,11,1,306,5,359,3,197,3,3,7,1,48,909,0,21,9,2,470,471,29,7,0,870,34,56,823,62,2942,3256,3592,3249.24973432519,536.840231702999,63,748,118,6,932,9.01599147121535,0.63242189011688,1,938
"29",2015,"MUNICIPIO",130180,441,0,291,6,123,136,74,57,28,16,0,1,434,19,23,29,24.4013605442177,7.00031804207259,92,155,114,72,1,4,67,8,0,315,47,252,189,121,320,11,430,0,0,3,394,0,0,397,0,44,38,40,40,39.1284403669725,2.31675920072348,3,242,49,30,64,409,32,365,75,425,9,6,97,4,224,5,36,2,5,5,6,46,313,0,125,2,1,242,199,67,8,0,315,47,32,358,36,3000,3200,3550,3230.72300469484,554.444852855335,38,301,55,2,313,9.8984126984127,0.819253206523323,0,441
"30",2015,"MUNICIPIO",130185,867,0,749,28,262,239,182,103,41,12,0,0,839,18,22,28,23.3886966551326,6.36296382014442,5,67,362,377,31,21,18,1,0,829,1,216,651,288,579,11,856,0,6,10,777,0,0,793,0,74,38,39,40,38.5067155067155,2.44116917174478,6,287,110,95,294,153,714,590,275,852,8,0,207,20,299,11,153,3,4,9,0,108,859,0,7,1,0,443,424,18,1,0,829,1,63,746,58,2933,3264,3600,3248.12802768166,575.823203065088,57,627,116,10,851,9.70150987224158,0.874900683510464,3,862
"31",2015,"MUNICIPIO",130190,2078,0,1980,41,555,612,418,280,145,23,4,0,2037,19,23,29,24.1063522617902,6.48257900816368,8,175,785,966,85,58,12,3,0,2055,5,1278,800,676,1402,31,2047,1,13,33,1862,0,0,1909,0,169,38,39,40,38.7006277160792,2.64523901771742,10,903,156,117,818,1905,173,1515,563,2061,7,0,557,10,867,6,331,2,2,27,0,256,1971,31,68,8,0,1093,985,12,3,0,2055,5,136,1796,146,2964,3280,3600,3262.64870067372,541.601221628844,148,1501,314,10,2001,9.87021382396818,0.523633406407875,1,2074
"32",2015,"MUNICIPIO",130195,293,0,224,7,91,87,42,49,10,5,2,0,286,18,22,28,23.5529010238908,6.72361154229459,46,61,97,81,1,6,3,0,0,239,50,63,230,83,210,4,289,0,0,2,53,0,0,55,0,238,42,42,42,41.2808219178082,1.91482963158761,22,45,10,17,179,290,3,247,46,282,0,0,75,3,160,2,26,0,0,4,0,12,232,0,45,16,0,155,138,3,0,0,239,50,22,253,18,2950,3250,3550,3214.32423208191,544.590609710421,47,221,17,1,234,9.65106382978723,0.624934984798088,0,290
"33",2015,"MUNICIPIO",130200,148,0,143,4,38,44,35,17,7,3,0,0,144,19,22,28,23.7837837837838,6.52002727399302,0,7,67,68,0,6,0,2,0,145,0,95,53,37,111,0,148,0,0,2,132,0,0,134,0,14,38,39,40,38.9387755102041,2.35896567128482,2,68,15,10,53,103,45,121,27,143,3,1,27,4,71,7,18,2,1,0,1,15,138,0,9,1,0,76,72,0,2,0,145,0,7,134,7,2986.25,3200,3545.5,3233.04054054054,460.573228733017,9,114,17,0,145,9.81379310344828,0.390622844821641,0,147
"34",2015,"MUNICIPIO",130210,169,0,143,8,39,44,39,17,17,3,1,1,160,19,24,29,24.5798816568047,7.44390594380378,3,23,61,58,1,6,8,0,0,120,39,70,99,35,134,2,167,0,0,0,156,0,0,156,0,13,38,39,40,38.6626506024096,2.19794454080493,0,61,16,24,56,132,37,156,13,165,3,1,22,4,88,12,12,1,2,2,1,22,138,2,27,0,2,87,82,8,0,0,120,39,8,155,6,2900,3196,3484,3172.02958579882,457.285448338702,11,134,15,2,150,9.11842105263158,1.06063963286883,5,164
"35",2015,"MUNICIPIO",130220,217,0,185,8,92,59,25,23,8,2,0,0,209,17,20,25,21.8018433179723,6.20799934324316,28,45,76,57,5,3,23,0,0,162,32,117,100,73,144,13,204,0,1,4,192,0,0,197,0,20,37,39,40,38.3397129186603,2.87636287327008,1,90,19,16,79,186,31,148,63,190,20,1,47,2,84,4,12,12,6,6,1,34,177,1,25,14,0,114,103,23,0,0,162,32,19,190,7,2900,3175,3500,3169.76388888889,516.836841504584,19,150,29,1,195,9.86734693877551,0.56636954687872,2,207
"36",2015,"MUNICIPIO",130230,633,0,18,19,185,154,143,66,44,18,2,1,612,18,23,28,24.128164556962,7.11693352105274,46,24,28,10,0,0,0,0,0,15,94,182,451,159,474,3,630,0,2,1,624,0,0,627,0,6,41,41,41,40.522906793049,1.47549490276004,1,59,17,13,16,613,20,608,25,108,2,0,10,3,79,1,2,1,1,3,0,12,489,0,51,4,88,338,295,4,1,0,468,159,43,560,30,2856,3140,3480,3156.9336492891,505.973762286408,110,489,31,2,487,9.88343558282209,0.479830546038491,1,631
"37",2015,"MUNICIPIO",130240,659,0,600,24,238,176,121,58,24,10,0,0,627,18,21,26,22.4976958525346,6.27482718656045,30,68,214,286,11,11,9,0,0,571,78,544,115,274,385,13,646,0,3,4,582,0,0,589,0,70,38,39,40,38.9552469135802,2.59583013631288,1,217,33,56,249,646,13,456,202,651,6,1,174,52,225,45,54,2,3,12,1,79,639,5,1,0,14,346,313,9,0,0,571,78,32,594,33,2995,3250,3550,3247.05007587253,490.817247493325,38,491,78,20,622,8.44080996884735,0.836241105734912,0,579
"38",2015,"MUNICIPIO",130250,2070,0,2022,53,595,601,446,249,99,24,3,0,2017,19,22,28,23.5135265700483,6.23656104720572,33,174,714,1061,36,51,19,0,2,2023,16,1538,532,713,1357,17,2053,1,4,15,1919,0,0,1939,0,131,38,39,40,38.6773255813954,2.21517032356191,104,883,159,139,635,1834,236,1451,619,2045,20,2,599,12,844,5,330,8,9,15,2,236,1973,0,94,3,0,1076,994,19,0,2,2023,16,117,1790,163,2960,3250,3600,3263.41594202899,535.041230969238,136,1580,301,9,2052,9.73022804463852,0.694642044026721,8,2056
"39",2015,"MUNICIPIO",130255,234,0,222,3,63,80,44,25,15,4,0,0,231,19,23,27,23.9700854700855,6.28670871207119,3,12,106,104,3,5,2,0,0,217,11,136,98,63,171,0,234,0,2,3,217,0,0,222,0,12,38,39,40,38.4217391304348,2.45491335535593,2,64,18,26,114,116,118,166,68,230,3,0,43,8,105,13,24,0,3,0,0,33,224,0,7,3,0,106,128,2,0,0,217,11,14,194,26,2960.25,3294,3600,3281.13247863248,581.594607175064,13,180,36,6,226,9.63793103448276,1.30199016310937,2,232
"40",2015,"MUNICIPIO",130260,42342,0,37871,528,8711,11599,9497,7425,3685,857,38,2,41812,20,25,30,25.4399178121015,6.64122505403351,94,1168,11575,22168,2938,4135,1886,132,24,39529,42,10450,31892,15876,26466,809,41533,21,224,468,39786,0,0,40499,0,1843,38,39,40,38.6242087648243,2.19795537469176,60,13005,4917,4845,16650,42189,153,22082,20245,41120,780,34,10788,2464,11669,1888,8782,272,416,744,34,3846,42168,9,149,16,0,21654,20683,1886,132,24,39529,42,3498,35983,2859,2935,3260,3580,3228.94272555503,578.692427932429,2715,32496,5026,406,41646,9.68572243888519,0.8060393037355,211,41285
"41",2015,"MUNICIPIO",130270,930,0,758,14,272,265,177,115,65,18,4,0,916,19,23,29,24.1247311827957,6.74600955944318,32,134,332,374,17,12,33,4,0,802,89,196,734,267,663,7,923,1,0,6,816,0,0,823,0,107,38,39,40,39.020652173913,2.34801506908085,48,413,103,55,283,834,96,705,223,904,20,5,220,5,450,9,102,4,16,6,5,103,764,7,138,6,15,490,440,33,4,0,802,89,55,806,69,2938.25,3250,3600,3248.66774193548,513.374031232885,90,670,113,12,760,9.04274611398964,0.894999350214853,5,922
"42",2015,"MUNICIPIO",130280,323,0,275,7,91,108,54,37,12,13,1,0,316,19,22,27.5,23.7368421052632,6.86439901576698,6,64,169,75,3,5,9,3,0,256,52,238,85,75,248,5,318,0,1,5,286,0,0,292,0,31,38,39,40,38.8411214953271,2.45643109781605,8,122,33,32,111,212,111,271,52,317,5,0,54,7,169,10,31,2,2,5,0,40,276,3,44,0,0,154,169,9,3,0,256,52,24,278,21,2962.5,3315,3600,3257.88544891641,549.476150194282,24,236,47,2,283,9.52982456140351,0.704603802437013,1,320
"43",2015,"MUNICIPIO",130290,1335,0,1015,30,392,371,271,158,75,33,4,1,1304,18.5,23,28,23.923595505618,6.83090948512588,16,161,576,525,16,21,8,0,0,1132,189,865,470,389,946,8,1327,1,2,2,1274,0,0,1279,0,56,38,39,40,39.0928301886792,1.68689230678105,24,686,125,79,353,1323,12,1090,241,1268,22,0,271,86,684,78,81,8,14,3,0,56,1070,0,259,6,0,707,628,8,0,0,1132,189,63,1194,77,2951.25,3220,3544.5,3232.89430284858,499.591449062652,121,1082,113,20,1041,9.61357210179076,1.02495492847717,4,1328
"44",2015,"MUNICIPIO",130300,356,0,304,4,106,123,69,34,15,4,1,0,352,19,22,26,23.2387640449438,5.95539879488689,2,41,121,181,2,1,40,0,2,274,34,249,107,112,244,5,351,0,0,4,325,0,0,329,0,27,37,39,40,38.4346590909091,2.47983155795198,6,152,52,23,105,292,64,272,84,348,3,3,88,3,155,2,36,1,1,4,3,57,289,1,64,2,0,174,182,40,0,2,274,34,20,307,29,3000,3250,3558.5,3255.61797752809,534.656430540353,24,250,60,5,310,9.03809523809524,0.880689613156914,6,338
"45",2015,"MUNICIPIO",130310,593,0,522,11,194,174,107,70,31,5,1,0,582,18,22,27,23.0809443507589,6.27335025572617,8,71,291,197,11,13,24,2,0,553,14,54,539,199,394,14,579,0,3,5,550,0,0,558,0,35,38,39,40,38.8040540540541,2.2293497835266,34,259,99,56,144,574,19,444,148,590,2,0,165,7,291,5,48,2,0,13,0,60,529,1,63,0,0,314,279,24,2,0,553,14,39,526,28,2885,3140,3500,3186.90387858347,538.693585998959,61,454,60,1,528,9.10018903591682,0.624150909746302,0,592
"46",2015,"MUNICIPIO",130320,316,0,274,14,100,96,62,32,10,2,0,0,302,18,22,26.25,22.6424050632911,5.99962744138358,10,38,118,128,8,11,4,2,0,280,26,180,136,97,219,3,313,1,1,3,281,0,0,286,0,30,38,39,40,38.7156862745098,2.48158113655774,14,137,32,22,79,185,131,234,82,310,5,0,75,5,123,3,58,2,2,3,0,35,292,0,21,3,0,153,163,4,2,0,280,26,19,264,25,2997.5,3300,3600,3290.8538961039,577.271732246799,19,222,52,3,288,9.61855670103093,0.997686623825394,3,311
"47",2015,"MUNICIPIO",130330,409,0,359,9,137,132,76,33,16,6,0,0,400,18,22,26,22.7726161369193,5.99792719521108,5,93,143,152,6,9,2,3,1,403,0,286,123,143,266,5,404,1,1,5,350,0,0,357,0,52,37,39,40,38.5663265306122,2.68093368007144,2,121,51,47,163,385,24,329,80,399,6,1,100,2,174,0,42,3,3,5,1,61,377,0,32,0,0,213,196,2,3,1,403,0,31,350,28,2945,3260,3570,3251.59657701712,547.444397828441,31,283,59,5,372,8.84350132625995,0.591982286271198,2,407
"48",2015,"MUNICIPIO",130340,1995,0,1889,32,557,580,407,261,111,42,5,0,1963,19,23,28,24.0135338345865,6.58409966498293,3,118,519,1140,87,128,3,3,0,1929,59,1611,384,740,1255,37,1958,4,0,16,1801,0,0,1821,0,174,37,39,40,38.5333667837431,2.48226956699984,57,657,473,199,518,1979,16,1442,553,1944,46,3,584,5,790,2,231,12,25,35,3,303,1893,1,98,3,0,1043,952,3,3,0,1929,59,179,1713,103,2883,3190,3497,3169.30526315789,546.43874721761,186,1525,243,17,1879,9.03639240506329,0.717842312246216,15,1978
"49",2015,"MUNICIPIO",130350,374,0,359,10,116,111,77,44,13,2,1,0,364,18,22,27,23.0160427807487,6.1189951126401,34,145,115,75,0,5,35,4,0,221,110,278,96,6,368,9,365,0,0,1,359,0,0,360,0,14,39,39,39,38.8652291105121,1.22723756541311,4,103,13,49,196,350,24,226,148,362,3,0,3,0,208,8,124,0,3,9,0,12,357,1,16,0,0,200,174,35,4,0,221,110,29,320,25,2900,3200,3525.5,3190.86096256685,530.49314598381,47,270,40,1,371,9.92741935483871,0.425090199975189,0,367
"50",2015,"MUNICIPIO",130353,558,0,242,12,141,154,125,77,35,12,2,0,546,19,23,29,24.4749103942652,6.71758440938131,0,11,95,136,11,12,11,0,0,253,0,253,305,172,386,10,548,1,1,11,506,0,0,519,0,39,39,41,41,39.6971962616822,2.54728532683631,0,56,21,47,138,290,268,323,234,262,3,0,81,5,71,4,49,0,2,9,0,36,548,0,7,3,0,285,273,51,5,0,495,3,44,474,40,2982.5,3300,3615.75,3244.07168458781,628.896241984666,59,415,48,3,550,9.64918625678119,0.803008534318032,2,554
"51",2015,"MUNICIPIO",130356,391,0,335,11,101,110,75,62,24,7,1,0,380,19,23,29,24.3427109974425,6.75393080728524,3,34,142,189,8,13,18,1,0,348,3,113,278,113,278,7,384,0,0,4,348,0,0,352,0,39,38,39,40,38.6962365591398,2.26818778439761,4,120,50,44,164,112,279,256,134,378,10,0,85,7,146,9,55,5,3,6,0,55,387,0,4,0,0,208,183,18,1,0,348,3,35,331,25,2861.5,3180,3511,3184.49616368286,563.082700452915,30,288,44,1,390,9.74424552429667,0.56935535393147,3,385
"52",2015,"MUNICIPIO",130360,301,0,142,8,77,82,55,51,25,2,1,0,293,19,23,30,24.5946843853821,6.86599142999189,43,32,59,107,2,3,0,0,0,19,281,152,149,80,221,3,298,0,0,2,274,0,0,276,0,25,38,40,40,39.0740740740741,2.0387880362256,2,148,52,25,56,276,25,279,21,295,3,2,70,2,179,1,14,1,1,1,2,26,144,1,83,4,69,147,154,0,0,0,19,281,14,284,3,2900,3100,3400,3118.15282392027,414.923900533177,41,223,22,7,140,8.25170068027211,1.31817400380777,0,298
"53",2015,"MUNICIPIO",130370,718,0,577,15,219,202,121,97,48,10,1,3,698,18,23,28,23.9022346368715,6.91639952663244,29,144,292,236,5,12,2,0,1,406,307,603,115,194,524,12,706,2,3,3,654,0,0,662,0,56,39,40,40,39.3262411347518,2.16012564706075,4,171,52,44,418,712,6,640,76,707,8,2,171,6,452,4,26,3,3,9,2,28,582,3,116,1,16,351,367,2,0,1,406,307,57,637,24,2892.5,3150,3450,3142.94568245125,508.719352092416,93,551,45,6,581,9.13798977853492,0.796561325503463,10,707
"54",2015,"MUNICIPIO",130380,1120,0,610,8,252,303,230,183,115,26,3,0,1112,20,24,31,25.5375,6.94485009241214,32,192,427,414,17,24,7,0,0,25,1080,528,592,318,802,12,1108,1,4,19,1032,0,0,1056,0,64,37,39,40,38.3279714030384,2.64687254192689,21,632,150,72,156,1101,19,974,142,1095,18,5,241,4,582,1,69,2,16,8,5,187,562,2,232,319,5,564,556,7,0,0,25,1080,82,729,44,2862.5,3130,3452.5,3125.26081871345,557.206331258159,88,632,106,19,631,9.41076923076923,1.25077764124345,5,1114
"55",2015,"MUNICIPIO",130390,753,0,448,17,193,220,136,105,61,15,4,2,734,19,23,29,24.7038512616202,6.98183041134208,30,126,291,287,2,10,1,1,0,409,337,490,263,173,580,10,743,0,10,7,685,0,0,702,0,51,37,39,40,38.1476063829787,2.87618804064088,4,315,79,50,283,722,31,591,158,684,2,0,114,2,390,3,32,0,1,9,0,134,527,0,112,5,109,358,395,1,1,0,409,337,61,664,28,2860,3125,3460,3123.64541832669,520.441315297388,64,566,98,8,524,9.42481203007519,1.09095966773105,3,748
"56",2015,"MUNICIPIO",130395,180,0,163,2,67,60,32,12,5,2,0,0,178,18,21,26,22.2444444444444,5.74370894344969,2,10,59,92,10,6,0,0,0,179,0,127,53,67,113,5,175,0,1,0,161,0,0,162,0,18,38,39,40,38.7209302325581,2.08952364694143,1,73,4,11,82,120,60,128,48,166,6,0,49,4,66,4,20,1,4,2,0,14,174,4,1,1,0,87,93,0,0,0,179,0,7,161,12,3000,3250,3555,3256.90555555556,485.638250741731,8,137,20,1,179,9.31666666666667,0.712811727358086,0,180
"57",2015,"MUNICIPIO",130400,202,0,193,3,51,70,41,22,12,3,0,0,199,19,23,27.75,23.9059405940594,6.26417313228803,1,14,61,117,5,3,5,0,0,197,0,157,45,50,152,0,202,0,0,0,181,0,0,181,0,21,38,39,40,38.9108910891089,2.01041571355609,4,81,24,16,76,160,42,164,38,199,2,1,35,8,101,16,20,0,2,0,1,19,190,0,11,1,0,99,103,5,0,0,197,0,10,179,13,3000,3235,3595,3246.39108910891,468.727663369427,23,153,24,0,193,9.89119170984456,0.32846728898159,1,201
"58",2015,"MUNICIPIO",130406,1615,0,869,27,380,465,313,256,119,47,6,0,1586,19,24,30,24.9820210787353,6.94950230340735,37,279,586,578,50,59,79,8,0,751,558,544,1071,437,1178,24,1591,2,9,36,1463,0,0,1510,0,105,38,39,40,38.3431989924433,2.81502366846406,6,751,185,137,362,1601,14,1225,385,1574,20,1,301,34,777,39,122,2,17,17,1,262,1239,0,58,3,315,811,804,79,8,0,751,558,104,1431,79,2950,3200,3500,3207.03035935564,512.224114431445,93,1207,233,12,1191,9.69326683291771,0.718090148949858,3,1589
"59",2015,"MUNICIPIO",130410,439,0,402,12,130,134,88,46,15,1,0,0,414,18,22,27,22.8403755868545,5.775230179249,37,111,124,139,4,8,23,11,0,327,74,165,274,141,298,3,436,0,3,7,383,0,0,393,0,46,38,39,40,38.6378132118451,2.74960034484191,9,167,38,29,171,423,16,296,143,431,8,0,111,6,173,5,65,0,6,3,0,70,388,4,17,13,17,197,241,23,11,0,327,74,23,378,37,3000,3317.5,3600,3273.23515981735,544.478977071318,35,311,69,2,418,9.94047619047619,0.564485751910142,0,432
"60",2015,"MUNICIPIO",130420,1754,0,1582,40,532,521,353,202,75,29,1,1,1713,18,22,27,23.3420752565564,6.34161343432478,21,195,690,726,54,56,9,10,2,1561,148,1173,581,562,1192,22,1732,0,9,21,1575,0,0,1605,0,149,37,39,40,38.4460093896714,2.45966079323199,12,841,207,132,456,1737,17,1312,442,1722,30,1,395,53,715,65,178,11,17,20,1,247,1656,57,38,2,1,898,856,9,10,2,1561,148,133,1505,105,2910,3215,3540,3209.71715433161,524.983471150383,112,1309,226,15,1685,9.73588235294118,0.880904337773169,12,1740
"61",2015,"MUNICIPIO",130423,391,0,352,7,113,103,72,57,31,6,2,0,384,19,23,29,24.4219948849105,7.06841491025842,5,78,139,146,9,13,2,0,1,244,140,91,300,123,268,8,383,0,2,6,348,0,0,356,0,35,37,39,40,38.3315789473684,2.63436847014516,0,143,43,36,144,360,31,312,79,389,0,1,88,2,183,3,24,0,0,8,1,71,357,0,33,0,1,208,183,2,0,1,245,140,38,336,13,2835,3170,3430,3124.25064599483,514.398740236439,30,298,32,2,371,9.06970509383378,0.573115583400372,1,388
"62",2015,"MUNICIPIO",130426,295,0,278,8,102,104,48,21,9,2,1,0,287,18,21,25,22.1898305084746,5.62591473787522,3,58,120,103,4,3,16,3,3,234,38,217,78,95,200,4,291,0,1,5,260,0,0,266,0,29,38,39,40,38.7576791808874,2.50191380298054,0,99,30,36,112,247,48,230,65,288,5,0,67,18,114,19,35,1,3,4,0,30,283,0,9,3,0,158,137,16,3,3,234,38,27,251,16,2932.5,3200,3520,3203.42176870748,507.033538552766,25,215,36,4,278,8.84397163120567,0.945366583839324,0,294
"63",2015,"MUNICIPIO",130430,272,0,263,4,70,86,68,24,13,6,1,0,268,19,23,27,23.8345588235294,6.38423888006298,0,11,91,158,8,4,3,0,0,266,2,216,56,76,196,2,270,0,0,4,245,0,0,249,0,23,38,39,40,38.8265682656827,2.5054375743253,4,127,10,10,113,259,13,191,81,209,23,1,49,0,111,3,16,6,17,2,1,30,266,0,5,1,0,137,135,3,0,0,266,2,10,232,30,3050,3350,3700,3362.48161764706,511.362769058974,9,200,52,12,256,9.05223880597015,1.27680056707243,1,270
"64",2015,"MUNICIPIO",130440,282,0,229,5,81,82,57,39,11,7,0,0,277,19,23,28,23.7872340425532,6.43036447956467,0,37,120,117,3,4,1,0,0,280,1,161,121,62,220,0,282,0,2,2,254,0,0,258,0,24,38,39,40,38.6028368794326,2.59311827460846,9,98,46,30,96,190,92,248,33,277,3,0,52,1,165,1,18,1,2,0,0,40,224,1,56,1,0,143,139,1,0,0,280,1,16,254,12,2985,3200,3508.75,3229.47517730496,513.005054764942,16,217,40,1,231,9.70258620689655,0.817763945967342,0,282
